-- phpMyAdmin SQL Dump
-- version 5.2.3
-- https://www.phpmyadmin.net/
--
-- Host: db:3306
-- Generation Time: Mar 05, 2026 at 02:09 PM
-- Server version: 8.0.43
-- PHP Version: 8.3.26

SET SQL_MODE = "NO_AUTO_VALUE_ON_ZERO";
START TRANSACTION;
SET time_zone = "+00:00";


/*!40101 SET @OLD_CHARACTER_SET_CLIENT=@@CHARACTER_SET_CLIENT */;
/*!40101 SET @OLD_CHARACTER_SET_RESULTS=@@CHARACTER_SET_RESULTS */;
/*!40101 SET @OLD_COLLATION_CONNECTION=@@COLLATION_CONNECTION */;
/*!40101 SET NAMES utf8mb4 */;

--
-- Database: `itpm_db`
--

-- --------------------------------------------------------

--
-- Table structure for table `attendance`
--

CREATE TABLE `attendance` (
  `id` int NOT NULL,
  `employee_id` int NOT NULL,
  `attendance_date` date NOT NULL,
  `status` enum('Present','Absent','Leave','Half Day','Work From Home') DEFAULT 'Absent',
  `check_in_time` time DEFAULT NULL,
  `check_out_time` time DEFAULT NULL,
  `notes` text,
  `marked_by` int DEFAULT NULL,
  `marked_at` timestamp NULL DEFAULT CURRENT_TIMESTAMP,
  `created_at` timestamp NULL DEFAULT CURRENT_TIMESTAMP,
  `updated_at` timestamp NULL DEFAULT CURRENT_TIMESTAMP ON UPDATE CURRENT_TIMESTAMP
) ENGINE=InnoDB DEFAULT CHARSET=utf8mb4 COLLATE=utf8mb4_0900_ai_ci;

--
-- Dumping data for table `attendance`
--

INSERT INTO `attendance` (`id`, `employee_id`, `attendance_date`, `status`, `check_in_time`, `check_out_time`, `notes`, `marked_by`, `marked_at`, `created_at`, `updated_at`) VALUES
(1, 1, '2026-03-04', 'Leave', NULL, NULL, 'Auto-marked from approved leave request #1', 7, '2026-03-03 15:07:02', '2026-03-03 15:07:02', '2026-03-03 15:07:02'),
(2, 1, '2026-03-03', 'Present', NULL, NULL, NULL, 7, '2026-03-03 16:27:08', '2026-03-03 16:27:08', '2026-03-03 16:27:08'),
(3, 2, '2026-03-03', 'Absent', NULL, NULL, NULL, 7, '2026-03-03 16:27:12', '2026-03-03 16:27:12', '2026-03-03 16:31:45'),
(4, 3, '2026-03-03', 'Present', NULL, NULL, NULL, 7, '2026-03-03 16:27:15', '2026-03-03 16:27:15', '2026-03-03 16:31:46'),
(5, 4, '2026-03-03', 'Absent', NULL, NULL, NULL, 7, '2026-03-03 16:27:16', '2026-03-03 16:27:16', '2026-03-03 16:27:16'),
(6, 5, '2026-03-03', 'Present', NULL, NULL, NULL, 7, '2026-03-03 16:27:17', '2026-03-03 16:27:17', '2026-03-03 16:27:17'),
(7, 6, '2026-03-03', 'Present', NULL, NULL, NULL, 7, '2026-03-03 16:27:18', '2026-03-03 16:27:18', '2026-03-03 16:31:50'),
(8, 1, '2026-03-02', 'Present', NULL, NULL, NULL, 7, '2026-03-03 16:37:02', '2026-03-03 16:37:02', '2026-03-03 16:37:02'),
(9, 2, '2026-03-02', 'Present', NULL, NULL, NULL, 7, '2026-03-03 16:37:03', '2026-03-03 16:37:03', '2026-03-03 16:37:03'),
(10, 3, '2026-03-02', 'Present', NULL, NULL, NULL, 7, '2026-03-03 16:37:04', '2026-03-03 16:37:04', '2026-03-03 16:37:04'),
(11, 4, '2026-03-02', 'Present', NULL, NULL, NULL, 7, '2026-03-03 16:37:05', '2026-03-03 16:37:05', '2026-03-03 16:37:05'),
(12, 5, '2026-03-02', 'Present', NULL, NULL, NULL, 7, '2026-03-03 16:37:06', '2026-03-03 16:37:06', '2026-03-03 16:37:06'),
(13, 6, '2026-03-02', 'Present', NULL, NULL, NULL, 7, '2026-03-03 16:37:07', '2026-03-03 16:37:07', '2026-03-03 16:37:07'),
(14, 6, '2026-03-05', 'Leave', NULL, NULL, 'Auto-marked from approved leave request #2', 6, '2026-03-04 04:31:42', '2026-03-04 04:31:42', '2026-03-04 04:31:42'),
(15, 6, '2026-03-06', 'Leave', NULL, NULL, 'Auto-marked from approved leave request #2', 6, '2026-03-04 04:31:42', '2026-03-04 04:31:42', '2026-03-04 04:31:42'),
(16, 7, '2026-03-04', 'Present', NULL, NULL, NULL, 6, '2026-03-04 04:34:27', '2026-03-04 04:34:27', '2026-03-04 04:34:27'),
(17, 2, '2026-03-04', 'Absent', NULL, NULL, NULL, 6, '2026-03-04 04:34:34', '2026-03-04 04:34:34', '2026-03-04 04:34:34'),
(18, 3, '2026-03-04', 'Present', NULL, NULL, NULL, 6, '2026-03-04 04:34:48', '2026-03-04 04:34:48', '2026-03-04 04:34:48'),
(19, 4, '2026-03-04', 'Present', NULL, NULL, NULL, 6, '2026-03-04 04:34:48', '2026-03-04 04:34:48', '2026-03-04 04:34:48'),
(20, 5, '2026-03-04', 'Present', NULL, NULL, NULL, 6, '2026-03-04 04:34:49', '2026-03-04 04:34:49', '2026-03-04 04:34:49'),
(21, 6, '2026-03-04', 'Present', NULL, NULL, NULL, 6, '2026-03-04 04:34:49', '2026-03-04 04:34:49', '2026-03-04 04:34:49'),
(22, 8, '2026-03-04', 'Present', NULL, NULL, NULL, 7, '2026-03-04 11:33:54', '2026-03-04 11:33:54', '2026-03-04 11:33:54'),
(23, 9, '2026-03-04', 'Present', NULL, NULL, NULL, 7, '2026-03-04 11:33:55', '2026-03-04 11:33:55', '2026-03-04 11:33:55'),
(24, 7, '2026-03-03', 'Present', NULL, NULL, NULL, 7, '2026-03-04 13:40:11', '2026-03-04 13:40:11', '2026-03-04 13:40:11'),
(25, 8, '2026-03-03', 'Present', NULL, NULL, NULL, 7, '2026-03-04 13:40:12', '2026-03-04 13:40:12', '2026-03-04 13:40:12'),
(26, 9, '2026-03-03', 'Present', NULL, NULL, NULL, 7, '2026-03-04 13:40:18', '2026-03-04 13:40:18', '2026-03-04 13:40:18'),
(27, 10, '2026-03-03', 'Present', NULL, NULL, NULL, 7, '2026-03-04 13:40:18', '2026-03-04 13:40:18', '2026-03-04 13:40:18'),
(28, 9, '2026-02-02', 'Present', NULL, NULL, NULL, NULL, '2026-03-05 13:31:18', '2026-03-05 13:31:18', '2026-03-05 13:31:18'),
(29, 8, '2026-02-02', 'Present', NULL, NULL, NULL, NULL, '2026-03-05 13:31:18', '2026-03-05 13:31:18', '2026-03-05 13:31:18'),
(30, 5, '2026-02-02', 'Present', NULL, NULL, NULL, NULL, '2026-03-05 13:31:18', '2026-03-05 13:31:18', '2026-03-05 13:31:18'),
(31, 4, '2026-02-02', 'Present', NULL, NULL, NULL, NULL, '2026-03-05 13:31:18', '2026-03-05 13:31:18', '2026-03-05 13:31:18'),
(32, 2, '2026-02-02', 'Present', NULL, NULL, NULL, NULL, '2026-03-05 13:31:18', '2026-03-05 13:31:18', '2026-03-05 13:31:18'),
(33, 1, '2026-02-02', 'Present', NULL, NULL, NULL, NULL, '2026-03-05 13:31:18', '2026-03-05 13:31:18', '2026-03-05 13:31:18'),
(34, 10, '2026-02-02', 'Present', NULL, NULL, NULL, NULL, '2026-03-05 13:31:18', '2026-03-05 13:31:18', '2026-03-05 13:31:18'),
(35, 7, '2026-02-02', 'Present', NULL, NULL, NULL, NULL, '2026-03-05 13:31:18', '2026-03-05 13:31:18', '2026-03-05 13:31:18'),
(36, 6, '2026-02-02', 'Present', NULL, NULL, NULL, NULL, '2026-03-05 13:31:18', '2026-03-05 13:31:18', '2026-03-05 13:31:18'),
(37, 3, '2026-02-02', 'Present', NULL, NULL, NULL, NULL, '2026-03-05 13:31:18', '2026-03-05 13:31:18', '2026-03-05 13:31:18'),
(38, 9, '2026-02-03', 'Present', NULL, NULL, NULL, NULL, '2026-03-05 13:31:18', '2026-03-05 13:31:18', '2026-03-05 13:31:18'),
(39, 8, '2026-02-03', 'Present', NULL, NULL, NULL, NULL, '2026-03-05 13:31:18', '2026-03-05 13:31:18', '2026-03-05 13:31:18'),
(40, 5, '2026-02-03', 'Present', NULL, NULL, NULL, NULL, '2026-03-05 13:31:18', '2026-03-05 13:31:18', '2026-03-05 13:31:18'),
(41, 4, '2026-02-03', 'Present', NULL, NULL, NULL, NULL, '2026-03-05 13:31:18', '2026-03-05 13:31:18', '2026-03-05 13:31:18'),
(42, 2, '2026-02-03', 'Present', NULL, NULL, NULL, NULL, '2026-03-05 13:31:18', '2026-03-05 13:31:18', '2026-03-05 13:31:18'),
(43, 1, '2026-02-03', 'Present', NULL, NULL, NULL, NULL, '2026-03-05 13:31:18', '2026-03-05 13:31:18', '2026-03-05 13:31:18'),
(44, 10, '2026-02-03', 'Present', NULL, NULL, NULL, NULL, '2026-03-05 13:31:18', '2026-03-05 13:31:18', '2026-03-05 13:31:18'),
(45, 7, '2026-02-03', 'Present', NULL, NULL, NULL, NULL, '2026-03-05 13:31:18', '2026-03-05 13:31:18', '2026-03-05 13:31:18'),
(46, 6, '2026-02-03', 'Present', NULL, NULL, NULL, NULL, '2026-03-05 13:31:18', '2026-03-05 13:31:18', '2026-03-05 13:31:18'),
(47, 3, '2026-02-03', 'Present', NULL, NULL, NULL, NULL, '2026-03-05 13:31:18', '2026-03-05 13:31:18', '2026-03-05 13:31:18'),
(48, 9, '2026-02-04', 'Present', NULL, NULL, NULL, NULL, '2026-03-05 13:31:18', '2026-03-05 13:31:18', '2026-03-05 13:31:18'),
(49, 8, '2026-02-04', 'Present', NULL, NULL, NULL, NULL, '2026-03-05 13:31:18', '2026-03-05 13:31:18', '2026-03-05 13:31:18'),
(50, 5, '2026-02-04', 'Present', NULL, NULL, NULL, NULL, '2026-03-05 13:31:18', '2026-03-05 13:31:18', '2026-03-05 13:31:18'),
(51, 4, '2026-02-04', 'Present', NULL, NULL, NULL, NULL, '2026-03-05 13:31:18', '2026-03-05 13:31:18', '2026-03-05 13:31:18'),
(52, 2, '2026-02-04', 'Present', NULL, NULL, NULL, NULL, '2026-03-05 13:31:18', '2026-03-05 13:31:18', '2026-03-05 13:31:18'),
(53, 1, '2026-02-04', 'Present', NULL, NULL, NULL, NULL, '2026-03-05 13:31:18', '2026-03-05 13:31:18', '2026-03-05 13:31:18'),
(54, 10, '2026-02-04', 'Present', NULL, NULL, NULL, NULL, '2026-03-05 13:31:18', '2026-03-05 13:31:18', '2026-03-05 13:31:18'),
(55, 7, '2026-02-04', 'Present', NULL, NULL, NULL, NULL, '2026-03-05 13:31:18', '2026-03-05 13:31:18', '2026-03-05 13:31:18'),
(56, 6, '2026-02-04', 'Present', NULL, NULL, NULL, NULL, '2026-03-05 13:31:18', '2026-03-05 13:31:18', '2026-03-05 13:31:18'),
(57, 3, '2026-02-04', 'Present', NULL, NULL, NULL, NULL, '2026-03-05 13:31:18', '2026-03-05 13:31:18', '2026-03-05 13:31:18'),
(58, 9, '2026-02-05', 'Present', NULL, NULL, NULL, NULL, '2026-03-05 13:31:18', '2026-03-05 13:31:18', '2026-03-05 13:31:18'),
(59, 8, '2026-02-05', 'Present', NULL, NULL, NULL, NULL, '2026-03-05 13:31:18', '2026-03-05 13:31:18', '2026-03-05 13:31:18'),
(60, 5, '2026-02-05', 'Present', NULL, NULL, NULL, NULL, '2026-03-05 13:31:18', '2026-03-05 13:31:18', '2026-03-05 13:31:18'),
(61, 4, '2026-02-05', 'Present', NULL, NULL, NULL, NULL, '2026-03-05 13:31:18', '2026-03-05 13:31:18', '2026-03-05 13:31:18'),
(62, 2, '2026-02-05', 'Present', NULL, NULL, NULL, NULL, '2026-03-05 13:31:18', '2026-03-05 13:31:18', '2026-03-05 13:31:18'),
(63, 1, '2026-02-05', 'Present', NULL, NULL, NULL, NULL, '2026-03-05 13:31:18', '2026-03-05 13:31:18', '2026-03-05 13:31:18'),
(64, 10, '2026-02-05', 'Present', NULL, NULL, NULL, NULL, '2026-03-05 13:31:18', '2026-03-05 13:31:18', '2026-03-05 13:31:18'),
(65, 7, '2026-02-05', 'Present', NULL, NULL, NULL, NULL, '2026-03-05 13:31:18', '2026-03-05 13:31:18', '2026-03-05 13:31:18'),
(66, 6, '2026-02-05', 'Present', NULL, NULL, NULL, NULL, '2026-03-05 13:31:18', '2026-03-05 13:31:18', '2026-03-05 13:31:18'),
(67, 3, '2026-02-05', 'Present', NULL, NULL, NULL, NULL, '2026-03-05 13:31:18', '2026-03-05 13:31:18', '2026-03-05 13:31:18'),
(68, 9, '2026-02-06', 'Present', NULL, NULL, NULL, NULL, '2026-03-05 13:31:18', '2026-03-05 13:31:18', '2026-03-05 13:31:18'),
(69, 8, '2026-02-06', 'Present', NULL, NULL, NULL, NULL, '2026-03-05 13:31:18', '2026-03-05 13:31:18', '2026-03-05 13:31:18'),
(70, 5, '2026-02-06', 'Present', NULL, NULL, NULL, NULL, '2026-03-05 13:31:18', '2026-03-05 13:31:18', '2026-03-05 13:31:18'),
(71, 4, '2026-02-06', 'Present', NULL, NULL, NULL, NULL, '2026-03-05 13:31:18', '2026-03-05 13:31:18', '2026-03-05 13:31:18'),
(72, 2, '2026-02-06', 'Present', NULL, NULL, NULL, NULL, '2026-03-05 13:31:18', '2026-03-05 13:31:18', '2026-03-05 13:31:18'),
(73, 1, '2026-02-06', 'Present', NULL, NULL, NULL, NULL, '2026-03-05 13:31:18', '2026-03-05 13:31:18', '2026-03-05 13:31:18'),
(74, 10, '2026-02-06', 'Present', NULL, NULL, NULL, NULL, '2026-03-05 13:31:18', '2026-03-05 13:31:18', '2026-03-05 13:31:18'),
(75, 7, '2026-02-06', 'Present', NULL, NULL, NULL, NULL, '2026-03-05 13:31:18', '2026-03-05 13:31:18', '2026-03-05 13:31:18'),
(76, 6, '2026-02-06', 'Present', NULL, NULL, NULL, NULL, '2026-03-05 13:31:18', '2026-03-05 13:31:18', '2026-03-05 13:31:18'),
(77, 3, '2026-02-06', 'Present', NULL, NULL, NULL, NULL, '2026-03-05 13:31:18', '2026-03-05 13:31:18', '2026-03-05 13:31:18'),
(78, 9, '2026-02-09', 'Present', NULL, NULL, NULL, NULL, '2026-03-05 13:31:18', '2026-03-05 13:31:18', '2026-03-05 13:31:18'),
(79, 8, '2026-02-09', 'Present', NULL, NULL, NULL, NULL, '2026-03-05 13:31:18', '2026-03-05 13:31:18', '2026-03-05 13:31:18'),
(80, 5, '2026-02-09', 'Present', NULL, NULL, NULL, NULL, '2026-03-05 13:31:18', '2026-03-05 13:31:18', '2026-03-05 13:31:18'),
(81, 4, '2026-02-09', 'Present', NULL, NULL, NULL, NULL, '2026-03-05 13:31:18', '2026-03-05 13:31:18', '2026-03-05 13:31:18'),
(82, 2, '2026-02-09', 'Present', NULL, NULL, NULL, NULL, '2026-03-05 13:31:18', '2026-03-05 13:31:18', '2026-03-05 13:31:18'),
(83, 1, '2026-02-09', 'Present', NULL, NULL, NULL, NULL, '2026-03-05 13:31:18', '2026-03-05 13:31:18', '2026-03-05 13:31:18'),
(84, 10, '2026-02-09', 'Present', NULL, NULL, NULL, NULL, '2026-03-05 13:31:18', '2026-03-05 13:31:18', '2026-03-05 13:31:18'),
(85, 7, '2026-02-09', 'Present', NULL, NULL, NULL, NULL, '2026-03-05 13:31:18', '2026-03-05 13:31:18', '2026-03-05 13:31:18'),
(86, 6, '2026-02-09', 'Present', NULL, NULL, NULL, NULL, '2026-03-05 13:31:18', '2026-03-05 13:31:18', '2026-03-05 13:31:18'),
(87, 3, '2026-02-09', 'Present', NULL, NULL, NULL, NULL, '2026-03-05 13:31:18', '2026-03-05 13:31:18', '2026-03-05 13:31:18'),
(88, 9, '2026-02-10', 'Present', NULL, NULL, NULL, NULL, '2026-03-05 13:31:18', '2026-03-05 13:31:18', '2026-03-05 13:31:18'),
(89, 8, '2026-02-10', 'Present', NULL, NULL, NULL, NULL, '2026-03-05 13:31:18', '2026-03-05 13:31:18', '2026-03-05 13:31:18'),
(90, 5, '2026-02-10', 'Present', NULL, NULL, NULL, NULL, '2026-03-05 13:31:18', '2026-03-05 13:31:18', '2026-03-05 13:31:18'),
(91, 4, '2026-02-10', 'Present', NULL, NULL, NULL, NULL, '2026-03-05 13:31:18', '2026-03-05 13:31:18', '2026-03-05 13:31:18'),
(92, 2, '2026-02-10', 'Present', NULL, NULL, NULL, NULL, '2026-03-05 13:31:18', '2026-03-05 13:31:18', '2026-03-05 13:31:18'),
(93, 1, '2026-02-10', 'Present', NULL, NULL, NULL, NULL, '2026-03-05 13:31:18', '2026-03-05 13:31:18', '2026-03-05 13:31:18'),
(94, 10, '2026-02-10', 'Present', NULL, NULL, NULL, NULL, '2026-03-05 13:31:18', '2026-03-05 13:31:18', '2026-03-05 13:31:18'),
(95, 7, '2026-02-10', 'Present', NULL, NULL, NULL, NULL, '2026-03-05 13:31:18', '2026-03-05 13:31:18', '2026-03-05 13:31:18'),
(96, 6, '2026-02-10', 'Present', NULL, NULL, NULL, NULL, '2026-03-05 13:31:18', '2026-03-05 13:31:18', '2026-03-05 13:31:18'),
(97, 3, '2026-02-10', 'Present', NULL, NULL, NULL, NULL, '2026-03-05 13:31:18', '2026-03-05 13:31:18', '2026-03-05 13:31:18'),
(98, 9, '2026-02-11', 'Present', NULL, NULL, NULL, NULL, '2026-03-05 13:31:18', '2026-03-05 13:31:18', '2026-03-05 13:31:18'),
(99, 8, '2026-02-11', 'Present', NULL, NULL, NULL, NULL, '2026-03-05 13:31:18', '2026-03-05 13:31:18', '2026-03-05 13:31:18'),
(100, 5, '2026-02-11', 'Present', NULL, NULL, NULL, NULL, '2026-03-05 13:31:18', '2026-03-05 13:31:18', '2026-03-05 13:31:18'),
(101, 4, '2026-02-11', 'Present', NULL, NULL, NULL, NULL, '2026-03-05 13:31:18', '2026-03-05 13:31:18', '2026-03-05 13:31:18'),
(102, 2, '2026-02-11', 'Present', NULL, NULL, NULL, NULL, '2026-03-05 13:31:18', '2026-03-05 13:31:18', '2026-03-05 13:31:18'),
(103, 1, '2026-02-11', 'Present', NULL, NULL, NULL, NULL, '2026-03-05 13:31:18', '2026-03-05 13:31:18', '2026-03-05 13:31:18'),
(104, 10, '2026-02-11', 'Present', NULL, NULL, NULL, NULL, '2026-03-05 13:31:18', '2026-03-05 13:31:18', '2026-03-05 13:31:18'),
(105, 7, '2026-02-11', 'Present', NULL, NULL, NULL, NULL, '2026-03-05 13:31:18', '2026-03-05 13:31:18', '2026-03-05 13:31:18'),
(106, 6, '2026-02-11', 'Present', NULL, NULL, NULL, NULL, '2026-03-05 13:31:18', '2026-03-05 13:31:18', '2026-03-05 13:31:18'),
(107, 3, '2026-02-11', 'Present', NULL, NULL, NULL, NULL, '2026-03-05 13:31:18', '2026-03-05 13:31:18', '2026-03-05 13:31:18'),
(108, 9, '2026-02-12', 'Present', NULL, NULL, NULL, NULL, '2026-03-05 13:31:18', '2026-03-05 13:31:18', '2026-03-05 13:31:18'),
(109, 8, '2026-02-12', 'Present', NULL, NULL, NULL, NULL, '2026-03-05 13:31:18', '2026-03-05 13:31:18', '2026-03-05 13:31:18'),
(110, 5, '2026-02-12', 'Present', NULL, NULL, NULL, NULL, '2026-03-05 13:31:18', '2026-03-05 13:31:18', '2026-03-05 13:31:18'),
(111, 4, '2026-02-12', 'Present', NULL, NULL, NULL, NULL, '2026-03-05 13:31:18', '2026-03-05 13:31:18', '2026-03-05 13:31:18'),
(112, 2, '2026-02-12', 'Present', NULL, NULL, NULL, NULL, '2026-03-05 13:31:18', '2026-03-05 13:31:18', '2026-03-05 13:31:18'),
(113, 1, '2026-02-12', 'Present', NULL, NULL, NULL, NULL, '2026-03-05 13:31:18', '2026-03-05 13:31:18', '2026-03-05 13:31:18'),
(114, 10, '2026-02-12', 'Present', NULL, NULL, NULL, NULL, '2026-03-05 13:31:18', '2026-03-05 13:31:18', '2026-03-05 13:31:18'),
(115, 7, '2026-02-12', 'Present', NULL, NULL, NULL, NULL, '2026-03-05 13:31:18', '2026-03-05 13:31:18', '2026-03-05 13:31:18'),
(116, 6, '2026-02-12', 'Present', NULL, NULL, NULL, NULL, '2026-03-05 13:31:18', '2026-03-05 13:31:18', '2026-03-05 13:31:18'),
(117, 3, '2026-02-12', 'Present', NULL, NULL, NULL, NULL, '2026-03-05 13:31:18', '2026-03-05 13:31:18', '2026-03-05 13:31:18'),
(118, 9, '2026-02-13', 'Present', NULL, NULL, NULL, NULL, '2026-03-05 13:31:18', '2026-03-05 13:31:18', '2026-03-05 13:31:18'),
(119, 8, '2026-02-13', 'Present', NULL, NULL, NULL, NULL, '2026-03-05 13:31:18', '2026-03-05 13:31:18', '2026-03-05 13:31:18'),
(120, 5, '2026-02-13', 'Present', NULL, NULL, NULL, NULL, '2026-03-05 13:31:18', '2026-03-05 13:31:18', '2026-03-05 13:31:18'),
(121, 4, '2026-02-13', 'Present', NULL, NULL, NULL, NULL, '2026-03-05 13:31:18', '2026-03-05 13:31:18', '2026-03-05 13:31:18'),
(122, 2, '2026-02-13', 'Present', NULL, NULL, NULL, NULL, '2026-03-05 13:31:18', '2026-03-05 13:31:18', '2026-03-05 13:31:18'),
(123, 1, '2026-02-13', 'Present', NULL, NULL, NULL, NULL, '2026-03-05 13:31:18', '2026-03-05 13:31:18', '2026-03-05 13:31:18'),
(124, 10, '2026-02-13', 'Present', NULL, NULL, NULL, NULL, '2026-03-05 13:31:18', '2026-03-05 13:31:18', '2026-03-05 13:31:18'),
(125, 7, '2026-02-13', 'Present', NULL, NULL, NULL, NULL, '2026-03-05 13:31:18', '2026-03-05 13:31:18', '2026-03-05 13:31:18'),
(126, 6, '2026-02-13', 'Present', NULL, NULL, NULL, NULL, '2026-03-05 13:31:18', '2026-03-05 13:31:18', '2026-03-05 13:31:18'),
(127, 3, '2026-02-13', 'Present', NULL, NULL, NULL, NULL, '2026-03-05 13:31:18', '2026-03-05 13:31:18', '2026-03-05 13:31:18'),
(128, 9, '2026-02-16', 'Present', NULL, NULL, NULL, NULL, '2026-03-05 13:31:18', '2026-03-05 13:31:18', '2026-03-05 13:31:18'),
(129, 8, '2026-02-16', 'Present', NULL, NULL, NULL, NULL, '2026-03-05 13:31:18', '2026-03-05 13:31:18', '2026-03-05 13:31:18'),
(130, 5, '2026-02-16', 'Present', NULL, NULL, NULL, NULL, '2026-03-05 13:31:18', '2026-03-05 13:31:18', '2026-03-05 13:31:18'),
(131, 4, '2026-02-16', 'Present', NULL, NULL, NULL, NULL, '2026-03-05 13:31:18', '2026-03-05 13:31:18', '2026-03-05 13:31:18'),
(132, 2, '2026-02-16', 'Present', NULL, NULL, NULL, NULL, '2026-03-05 13:31:18', '2026-03-05 13:31:18', '2026-03-05 13:31:18'),
(133, 1, '2026-02-16', 'Present', NULL, NULL, NULL, NULL, '2026-03-05 13:31:18', '2026-03-05 13:31:18', '2026-03-05 13:31:18'),
(134, 10, '2026-02-16', 'Present', NULL, NULL, NULL, NULL, '2026-03-05 13:31:18', '2026-03-05 13:31:18', '2026-03-05 13:31:18'),
(135, 7, '2026-02-16', 'Present', NULL, NULL, NULL, NULL, '2026-03-05 13:31:18', '2026-03-05 13:31:18', '2026-03-05 13:31:18'),
(136, 6, '2026-02-16', 'Present', NULL, NULL, NULL, NULL, '2026-03-05 13:31:18', '2026-03-05 13:31:18', '2026-03-05 13:31:18'),
(137, 3, '2026-02-16', 'Present', NULL, NULL, NULL, NULL, '2026-03-05 13:31:18', '2026-03-05 13:31:18', '2026-03-05 13:31:18'),
(138, 9, '2026-02-17', 'Present', NULL, NULL, NULL, NULL, '2026-03-05 13:31:18', '2026-03-05 13:31:18', '2026-03-05 13:31:18'),
(139, 8, '2026-02-17', 'Present', NULL, NULL, NULL, NULL, '2026-03-05 13:31:18', '2026-03-05 13:31:18', '2026-03-05 13:31:18'),
(140, 5, '2026-02-17', 'Present', NULL, NULL, NULL, NULL, '2026-03-05 13:31:18', '2026-03-05 13:31:18', '2026-03-05 13:31:18'),
(141, 4, '2026-02-17', 'Present', NULL, NULL, NULL, NULL, '2026-03-05 13:31:18', '2026-03-05 13:31:18', '2026-03-05 13:31:18'),
(142, 2, '2026-02-17', 'Present', NULL, NULL, NULL, NULL, '2026-03-05 13:31:18', '2026-03-05 13:31:18', '2026-03-05 13:31:18'),
(143, 1, '2026-02-17', 'Present', NULL, NULL, NULL, NULL, '2026-03-05 13:31:18', '2026-03-05 13:31:18', '2026-03-05 13:31:18'),
(144, 10, '2026-02-17', 'Present', NULL, NULL, NULL, NULL, '2026-03-05 13:31:18', '2026-03-05 13:31:18', '2026-03-05 13:31:18'),
(145, 7, '2026-02-17', 'Present', NULL, NULL, NULL, NULL, '2026-03-05 13:31:18', '2026-03-05 13:31:18', '2026-03-05 13:31:18'),
(146, 6, '2026-02-17', 'Present', NULL, NULL, NULL, NULL, '2026-03-05 13:31:18', '2026-03-05 13:31:18', '2026-03-05 13:31:18'),
(147, 3, '2026-02-17', 'Present', NULL, NULL, NULL, NULL, '2026-03-05 13:31:18', '2026-03-05 13:31:18', '2026-03-05 13:31:18'),
(148, 9, '2026-02-18', 'Present', NULL, NULL, NULL, NULL, '2026-03-05 13:31:18', '2026-03-05 13:31:18', '2026-03-05 13:31:18'),
(149, 8, '2026-02-18', 'Present', NULL, NULL, NULL, NULL, '2026-03-05 13:31:18', '2026-03-05 13:31:18', '2026-03-05 13:31:18'),
(150, 5, '2026-02-18', 'Present', NULL, NULL, NULL, NULL, '2026-03-05 13:31:18', '2026-03-05 13:31:18', '2026-03-05 13:31:18'),
(151, 4, '2026-02-18', 'Present', NULL, NULL, NULL, NULL, '2026-03-05 13:31:18', '2026-03-05 13:31:18', '2026-03-05 13:31:18'),
(152, 2, '2026-02-18', 'Present', NULL, NULL, NULL, NULL, '2026-03-05 13:31:18', '2026-03-05 13:31:18', '2026-03-05 13:31:18'),
(153, 1, '2026-02-18', 'Present', NULL, NULL, NULL, NULL, '2026-03-05 13:31:18', '2026-03-05 13:31:18', '2026-03-05 13:31:18'),
(154, 10, '2026-02-18', 'Present', NULL, NULL, NULL, NULL, '2026-03-05 13:31:18', '2026-03-05 13:31:18', '2026-03-05 13:31:18'),
(155, 7, '2026-02-18', 'Present', NULL, NULL, NULL, NULL, '2026-03-05 13:31:18', '2026-03-05 13:31:18', '2026-03-05 13:31:18'),
(156, 6, '2026-02-18', 'Present', NULL, NULL, NULL, NULL, '2026-03-05 13:31:18', '2026-03-05 13:31:18', '2026-03-05 13:31:18'),
(157, 3, '2026-02-18', 'Present', NULL, NULL, NULL, NULL, '2026-03-05 13:31:18', '2026-03-05 13:31:18', '2026-03-05 13:31:18'),
(158, 9, '2026-02-19', 'Present', NULL, NULL, NULL, NULL, '2026-03-05 13:31:18', '2026-03-05 13:31:18', '2026-03-05 13:31:18'),
(159, 8, '2026-02-19', 'Present', NULL, NULL, NULL, NULL, '2026-03-05 13:31:18', '2026-03-05 13:31:18', '2026-03-05 13:31:18'),
(160, 5, '2026-02-19', 'Present', NULL, NULL, NULL, NULL, '2026-03-05 13:31:18', '2026-03-05 13:31:18', '2026-03-05 13:31:18'),
(161, 4, '2026-02-19', 'Present', NULL, NULL, NULL, NULL, '2026-03-05 13:31:18', '2026-03-05 13:31:18', '2026-03-05 13:31:18'),
(162, 2, '2026-02-19', 'Present', NULL, NULL, NULL, NULL, '2026-03-05 13:31:18', '2026-03-05 13:31:18', '2026-03-05 13:31:18'),
(163, 1, '2026-02-19', 'Present', NULL, NULL, NULL, NULL, '2026-03-05 13:31:18', '2026-03-05 13:31:18', '2026-03-05 13:31:18'),
(164, 10, '2026-02-19', 'Present', NULL, NULL, NULL, NULL, '2026-03-05 13:31:18', '2026-03-05 13:31:18', '2026-03-05 13:31:18'),
(165, 7, '2026-02-19', 'Present', NULL, NULL, NULL, NULL, '2026-03-05 13:31:18', '2026-03-05 13:31:18', '2026-03-05 13:31:18'),
(166, 6, '2026-02-19', 'Present', NULL, NULL, NULL, NULL, '2026-03-05 13:31:18', '2026-03-05 13:31:18', '2026-03-05 13:31:18'),
(167, 3, '2026-02-19', 'Present', NULL, NULL, NULL, NULL, '2026-03-05 13:31:18', '2026-03-05 13:31:18', '2026-03-05 13:31:18'),
(168, 9, '2026-02-20', 'Present', NULL, NULL, NULL, NULL, '2026-03-05 13:31:18', '2026-03-05 13:31:18', '2026-03-05 13:31:18'),
(169, 8, '2026-02-20', 'Present', NULL, NULL, NULL, NULL, '2026-03-05 13:31:18', '2026-03-05 13:31:18', '2026-03-05 13:31:18'),
(170, 5, '2026-02-20', 'Present', NULL, NULL, NULL, NULL, '2026-03-05 13:31:18', '2026-03-05 13:31:18', '2026-03-05 13:31:18'),
(171, 4, '2026-02-20', 'Present', NULL, NULL, NULL, NULL, '2026-03-05 13:31:18', '2026-03-05 13:31:18', '2026-03-05 13:31:18'),
(172, 2, '2026-02-20', 'Present', NULL, NULL, NULL, NULL, '2026-03-05 13:31:18', '2026-03-05 13:31:18', '2026-03-05 13:31:18'),
(173, 1, '2026-02-20', 'Present', NULL, NULL, NULL, NULL, '2026-03-05 13:31:18', '2026-03-05 13:31:18', '2026-03-05 13:31:18'),
(174, 10, '2026-02-20', 'Present', NULL, NULL, NULL, NULL, '2026-03-05 13:31:18', '2026-03-05 13:31:18', '2026-03-05 13:31:18'),
(175, 7, '2026-02-20', 'Present', NULL, NULL, NULL, NULL, '2026-03-05 13:31:18', '2026-03-05 13:31:18', '2026-03-05 13:31:18'),
(176, 6, '2026-02-20', 'Present', NULL, NULL, NULL, NULL, '2026-03-05 13:31:18', '2026-03-05 13:31:18', '2026-03-05 13:31:18'),
(177, 3, '2026-02-20', 'Present', NULL, NULL, NULL, NULL, '2026-03-05 13:31:18', '2026-03-05 13:31:18', '2026-03-05 13:31:18'),
(178, 9, '2026-02-23', 'Present', NULL, NULL, NULL, NULL, '2026-03-05 13:31:18', '2026-03-05 13:31:18', '2026-03-05 13:31:18'),
(179, 8, '2026-02-23', 'Present', NULL, NULL, NULL, NULL, '2026-03-05 13:31:18', '2026-03-05 13:31:18', '2026-03-05 13:31:18'),
(180, 5, '2026-02-23', 'Present', NULL, NULL, NULL, NULL, '2026-03-05 13:31:18', '2026-03-05 13:31:18', '2026-03-05 13:31:18'),
(181, 4, '2026-02-23', 'Present', NULL, NULL, NULL, NULL, '2026-03-05 13:31:18', '2026-03-05 13:31:18', '2026-03-05 13:31:18'),
(182, 2, '2026-02-23', 'Present', NULL, NULL, NULL, NULL, '2026-03-05 13:31:18', '2026-03-05 13:31:18', '2026-03-05 13:31:18'),
(183, 1, '2026-02-23', 'Present', NULL, NULL, NULL, NULL, '2026-03-05 13:31:18', '2026-03-05 13:31:18', '2026-03-05 13:31:18'),
(184, 10, '2026-02-23', 'Present', NULL, NULL, NULL, NULL, '2026-03-05 13:31:18', '2026-03-05 13:31:18', '2026-03-05 13:31:18'),
(185, 7, '2026-02-23', 'Present', NULL, NULL, NULL, NULL, '2026-03-05 13:31:18', '2026-03-05 13:31:18', '2026-03-05 13:31:18'),
(186, 6, '2026-02-23', 'Present', NULL, NULL, NULL, NULL, '2026-03-05 13:31:18', '2026-03-05 13:31:18', '2026-03-05 13:31:18'),
(187, 3, '2026-02-23', 'Present', NULL, NULL, NULL, NULL, '2026-03-05 13:31:18', '2026-03-05 13:31:18', '2026-03-05 13:31:18'),
(188, 9, '2026-02-24', 'Present', NULL, NULL, NULL, NULL, '2026-03-05 13:31:18', '2026-03-05 13:31:18', '2026-03-05 13:31:18'),
(189, 8, '2026-02-24', 'Present', NULL, NULL, NULL, NULL, '2026-03-05 13:31:18', '2026-03-05 13:31:18', '2026-03-05 13:31:18'),
(190, 5, '2026-02-24', 'Present', NULL, NULL, NULL, NULL, '2026-03-05 13:31:18', '2026-03-05 13:31:18', '2026-03-05 13:31:18'),
(191, 4, '2026-02-24', 'Present', NULL, NULL, NULL, NULL, '2026-03-05 13:31:18', '2026-03-05 13:31:18', '2026-03-05 13:31:18'),
(192, 2, '2026-02-24', 'Present', NULL, NULL, NULL, NULL, '2026-03-05 13:31:18', '2026-03-05 13:31:18', '2026-03-05 13:31:18'),
(193, 1, '2026-02-24', 'Present', NULL, NULL, NULL, NULL, '2026-03-05 13:31:18', '2026-03-05 13:31:18', '2026-03-05 13:31:18'),
(194, 10, '2026-02-24', 'Present', NULL, NULL, NULL, NULL, '2026-03-05 13:31:18', '2026-03-05 13:31:18', '2026-03-05 13:31:18'),
(195, 7, '2026-02-24', 'Present', NULL, NULL, NULL, NULL, '2026-03-05 13:31:18', '2026-03-05 13:31:18', '2026-03-05 13:31:18'),
(196, 6, '2026-02-24', 'Present', NULL, NULL, NULL, NULL, '2026-03-05 13:31:18', '2026-03-05 13:31:18', '2026-03-05 13:31:18'),
(197, 3, '2026-02-24', 'Present', NULL, NULL, NULL, NULL, '2026-03-05 13:31:18', '2026-03-05 13:31:18', '2026-03-05 13:31:18'),
(198, 9, '2026-02-25', 'Present', NULL, NULL, NULL, NULL, '2026-03-05 13:31:18', '2026-03-05 13:31:18', '2026-03-05 13:31:18'),
(199, 8, '2026-02-25', 'Present', NULL, NULL, NULL, NULL, '2026-03-05 13:31:18', '2026-03-05 13:31:18', '2026-03-05 13:31:18'),
(200, 5, '2026-02-25', 'Present', NULL, NULL, NULL, NULL, '2026-03-05 13:31:18', '2026-03-05 13:31:18', '2026-03-05 13:31:18'),
(201, 4, '2026-02-25', 'Present', NULL, NULL, NULL, NULL, '2026-03-05 13:31:18', '2026-03-05 13:31:18', '2026-03-05 13:31:18'),
(202, 2, '2026-02-25', 'Present', NULL, NULL, NULL, NULL, '2026-03-05 13:31:18', '2026-03-05 13:31:18', '2026-03-05 13:31:18'),
(203, 1, '2026-02-25', 'Present', NULL, NULL, NULL, NULL, '2026-03-05 13:31:18', '2026-03-05 13:31:18', '2026-03-05 13:31:18'),
(204, 10, '2026-02-25', 'Present', NULL, NULL, NULL, NULL, '2026-03-05 13:31:18', '2026-03-05 13:31:18', '2026-03-05 13:31:18'),
(205, 7, '2026-02-25', 'Present', NULL, NULL, NULL, NULL, '2026-03-05 13:31:18', '2026-03-05 13:31:18', '2026-03-05 13:31:18'),
(206, 6, '2026-02-25', 'Present', NULL, NULL, NULL, NULL, '2026-03-05 13:31:18', '2026-03-05 13:31:18', '2026-03-05 13:31:18'),
(207, 3, '2026-02-25', 'Present', NULL, NULL, NULL, NULL, '2026-03-05 13:31:18', '2026-03-05 13:31:18', '2026-03-05 13:31:18'),
(208, 9, '2026-02-26', 'Present', NULL, NULL, NULL, NULL, '2026-03-05 13:31:18', '2026-03-05 13:31:18', '2026-03-05 13:31:18'),
(209, 8, '2026-02-26', 'Present', NULL, NULL, NULL, NULL, '2026-03-05 13:31:18', '2026-03-05 13:31:18', '2026-03-05 13:31:18'),
(210, 5, '2026-02-26', 'Present', NULL, NULL, NULL, NULL, '2026-03-05 13:31:18', '2026-03-05 13:31:18', '2026-03-05 13:31:18'),
(211, 4, '2026-02-26', 'Present', NULL, NULL, NULL, NULL, '2026-03-05 13:31:18', '2026-03-05 13:31:18', '2026-03-05 13:31:18'),
(212, 2, '2026-02-26', 'Present', NULL, NULL, NULL, NULL, '2026-03-05 13:31:18', '2026-03-05 13:31:18', '2026-03-05 13:31:18'),
(213, 1, '2026-02-26', 'Present', NULL, NULL, NULL, NULL, '2026-03-05 13:31:18', '2026-03-05 13:31:18', '2026-03-05 13:31:18'),
(214, 10, '2026-02-26', 'Present', NULL, NULL, NULL, NULL, '2026-03-05 13:31:18', '2026-03-05 13:31:18', '2026-03-05 13:31:18'),
(215, 7, '2026-02-26', 'Present', NULL, NULL, NULL, NULL, '2026-03-05 13:31:18', '2026-03-05 13:31:18', '2026-03-05 13:31:18'),
(216, 6, '2026-02-26', 'Present', NULL, NULL, NULL, NULL, '2026-03-05 13:31:18', '2026-03-05 13:31:18', '2026-03-05 13:31:18'),
(217, 3, '2026-02-26', 'Present', NULL, NULL, NULL, NULL, '2026-03-05 13:31:18', '2026-03-05 13:31:18', '2026-03-05 13:31:18'),
(218, 9, '2026-02-27', 'Present', NULL, NULL, NULL, NULL, '2026-03-05 13:31:18', '2026-03-05 13:31:18', '2026-03-05 13:31:18'),
(219, 8, '2026-02-27', 'Present', NULL, NULL, NULL, NULL, '2026-03-05 13:31:18', '2026-03-05 13:31:18', '2026-03-05 13:31:18'),
(220, 5, '2026-02-27', 'Present', NULL, NULL, NULL, NULL, '2026-03-05 13:31:18', '2026-03-05 13:31:18', '2026-03-05 13:31:18'),
(221, 4, '2026-02-27', 'Present', NULL, NULL, NULL, NULL, '2026-03-05 13:31:18', '2026-03-05 13:31:18', '2026-03-05 13:31:18'),
(222, 2, '2026-02-27', 'Present', NULL, NULL, NULL, NULL, '2026-03-05 13:31:18', '2026-03-05 13:31:18', '2026-03-05 13:31:18'),
(223, 1, '2026-02-27', 'Present', NULL, NULL, NULL, NULL, '2026-03-05 13:31:18', '2026-03-05 13:31:18', '2026-03-05 13:31:18'),
(224, 10, '2026-02-27', 'Present', NULL, NULL, NULL, NULL, '2026-03-05 13:31:18', '2026-03-05 13:31:18', '2026-03-05 13:31:18'),
(225, 7, '2026-02-27', 'Present', NULL, NULL, NULL, NULL, '2026-03-05 13:31:18', '2026-03-05 13:31:18', '2026-03-05 13:31:18'),
(226, 6, '2026-02-27', 'Present', NULL, NULL, NULL, NULL, '2026-03-05 13:31:18', '2026-03-05 13:31:18', '2026-03-05 13:31:18'),
(227, 3, '2026-02-27', 'Present', NULL, NULL, NULL, NULL, '2026-03-05 13:31:18', '2026-03-05 13:31:18', '2026-03-05 13:31:18');

-- --------------------------------------------------------

--
-- Table structure for table `employees`
--

CREATE TABLE `employees` (
  `id` int NOT NULL,
  `user_id` int DEFAULT NULL,
  `employee_id` varchar(20) NOT NULL,
  `name` varchar(100) DEFAULT NULL,
  `email` varchar(100) DEFAULT NULL,
  `phone` varchar(20) DEFAULT NULL,
  `address` varchar(255) DEFAULT NULL,
  `department` varchar(100) DEFAULT NULL,
  `position` varchar(100) DEFAULT NULL,
  `status` enum('Probation','Permanent','Resigned') DEFAULT 'Probation',
  `joining_date` date NOT NULL,
  `probation_end_date` date DEFAULT NULL,
  `resignation_date` date DEFAULT NULL,
  `salary` decimal(12,2) DEFAULT NULL,
  `designation` varchar(100) DEFAULT NULL,
  `manager_id` int DEFAULT NULL,
  `notes` text,
  `password` varchar(255) DEFAULT NULL,
  `password_generated_at` timestamp NULL DEFAULT NULL,
  `created_at` timestamp NULL DEFAULT CURRENT_TIMESTAMP,
  `updated_at` timestamp NULL DEFAULT CURRENT_TIMESTAMP ON UPDATE CURRENT_TIMESTAMP
) ENGINE=InnoDB DEFAULT CHARSET=utf8mb4 COLLATE=utf8mb4_0900_ai_ci;

--
-- Dumping data for table `employees`
--

INSERT INTO `employees` (`id`, `user_id`, `employee_id`, `name`, `email`, `phone`, `address`, `department`, `position`, `status`, `joining_date`, `probation_end_date`, `resignation_date`, `salary`, `designation`, `manager_id`, `notes`, `password`, `password_generated_at`, `created_at`, `updated_at`) VALUES
(1, 1, 'EMP001', 'John Doe', 'john.doe@company.com', '0771234567', '123 Main St', 'IT', 'Software Engineer', 'Permanent', '2024-01-15', '2024-04-15', NULL, 75000.00, 'Senior Developer', NULL, NULL, '$2a$10$TClxX7DWvGqk9ukXxl1wJu/cCZ9oJaTy29HyP/bcCowV7xarT4Qzy', '2026-03-03 14:28:38', '2026-03-03 14:12:46', '2026-03-03 14:28:38'),
(2, 2, 'EMP002', 'Jane Smith', 'jane.smith@company.com', '0772345678', '456 Oak Ave', 'HR', 'HR Manager', 'Permanent', '2023-06-01', '2023-09-01', NULL, 65000.00, 'Manager', NULL, NULL, NULL, NULL, '2026-03-03 14:12:46', '2026-03-03 14:12:46'),
(3, 3, 'EMP003', 'Michael Johnson', 'michael.johnson@company.com', '0773456789', '789 Pine Rd', 'Finance', 'Accountant', 'Probation', '2025-11-01', '2026-02-01', NULL, 45000.00, 'Accountant', NULL, NULL, NULL, NULL, '2026-03-03 14:12:46', '2026-03-03 14:12:46'),
(4, 4, 'EMP004', 'Sarah Williams', 'sarah.williams@company.com', '0774567890', '321 Elm St', 'IT', 'QA Engineer', 'Permanent', '2024-03-15', '2024-06-15', NULL, 55000.00, 'QA Lead', NULL, NULL, NULL, NULL, '2026-03-03 14:12:46', '2026-03-03 14:12:46'),
(5, 5, 'EMP005', 'Robert Brown', 'robert.brown@company.com', '0775678901', '654 Maple Dr', 'Operations', 'Operations Officer', 'Permanent', '2023-09-01', '2023-12-01', NULL, 52000.00, 'Officer', NULL, NULL, NULL, NULL, '2026-03-03 14:12:46', '2026-03-03 14:12:46'),
(6, 6, 'EMP006', 'Emily Davis', 'emily.davis@company.com', '0763472790', 'No 48,Samarahena Rd,aluthgama,Bandaragama', 'IT', 'Frontend Developer', 'Probation', '2025-12-01', '2026-03-01', NULL, 38000.00, 'Developer', NULL, '', '$2a$10$f92lpmfo5Rx63znYSL0KGOsjCRuAWLG7kcwnYLzPgyk/zGFLKaSKK', '2026-03-04 13:28:24', '2026-03-03 14:12:46', '2026-03-04 13:28:24'),
(7, NULL, 'EMP009', 'Heylli', 'h@gmail.com', '0763472790', 'No 49,Samarahena Rd,Aluthgama,Bandaragama', 'Finance', 'Senior Associate', 'Probation', '2026-01-27', '2026-03-19', NULL, 50000.00, 'Software Enginner', NULL, '', NULL, NULL, '2026-03-04 04:29:48', '2026-03-04 04:29:48'),
(8, NULL, 'EMP010', 'Sakuni', 'sakuni@gmail.com', '0763472790', 'No 49,Samarahena Rd,Aluthgama,Bandaragama', 'IT', 'Junior Associate', 'Permanent', '2007-06-01', '2007-07-01', NULL, 50000.00, 'Software Enginner', NULL, '', NULL, NULL, '2026-03-04 09:11:55', '2026-03-04 09:11:55'),
(9, NULL, 'EMP011', 'Samara', 'samara@gmail.com', '0763472790', 'No 49,Samarahena Rd,Aluthgama,Bandaragama', 'Human Resources', 'Senior Associate', 'Permanent', '2025-06-01', '2025-07-10', NULL, 50000.00, 'Developer', NULL, '', NULL, NULL, '2026-03-04 09:13:25', '2026-03-04 09:13:25'),
(10, NULL, 'EMP012', 'Saritha', 'sara@gmail.com', '0712828973', 'No 49,Samarahena Rd,Aluthgama,Bandaragama', 'Human Resources', 'Junior Associate', 'Probation', '2009-06-01', '2009-07-01', NULL, 30000.00, 'Software Enginner', NULL, '', NULL, NULL, '2026-03-04 12:54:31', '2026-03-04 12:54:31');

-- --------------------------------------------------------

--
-- Table structure for table `employee_documents`
--

CREATE TABLE `employee_documents` (
  `id` int NOT NULL,
  `employee_id` int NOT NULL,
  `document_type` varchar(50) NOT NULL,
  `document_name` varchar(255) NOT NULL,
  `file_path` varchar(255) NOT NULL,
  `uploaded_by` int DEFAULT NULL,
  `uploaded_at` timestamp NULL DEFAULT CURRENT_TIMESTAMP,
  `created_at` timestamp NULL DEFAULT CURRENT_TIMESTAMP
) ENGINE=InnoDB DEFAULT CHARSET=utf8mb4 COLLATE=utf8mb4_0900_ai_ci;

-- --------------------------------------------------------

--
-- Table structure for table `employee_roles`
--

CREATE TABLE `employee_roles` (
  `id` int NOT NULL,
  `employee_id` int NOT NULL,
  `role` varchar(100) NOT NULL,
  `start_date` date NOT NULL,
  `end_date` date DEFAULT NULL,
  `notes` text,
  `created_at` timestamp NULL DEFAULT CURRENT_TIMESTAMP
) ENGINE=InnoDB DEFAULT CHARSET=utf8mb4 COLLATE=utf8mb4_0900_ai_ci;

--
-- Dumping data for table `employee_roles`
--

INSERT INTO `employee_roles` (`id`, `employee_id`, `role`, `start_date`, `end_date`, `notes`, `created_at`) VALUES
(1, 7, 'Senior Associate', '2026-01-27', NULL, NULL, '2026-03-04 04:29:49'),
(2, 8, 'Junior Associate', '2007-06-01', NULL, NULL, '2026-03-04 09:11:55'),
(3, 9, 'Senior Associate', '2025-06-01', NULL, NULL, '2026-03-04 09:13:25'),
(4, 10, 'Junior Associate', '2009-06-01', NULL, NULL, '2026-03-04 12:54:31');

-- --------------------------------------------------------

--
-- Table structure for table `leave_balance`
--

CREATE TABLE `leave_balance` (
  `id` int NOT NULL,
  `employee_id` int NOT NULL,
  `leave_type` varchar(50) NOT NULL,
  `total_days` decimal(5,2) NOT NULL,
  `used_days` decimal(5,2) DEFAULT '0.00',
  `balance_days` decimal(5,2) DEFAULT '0.00',
  `fiscal_year` int NOT NULL,
  `carry_forward_days` decimal(5,2) DEFAULT '0.00',
  `last_updated` timestamp NULL DEFAULT CURRENT_TIMESTAMP ON UPDATE CURRENT_TIMESTAMP,
  `created_at` timestamp NULL DEFAULT CURRENT_TIMESTAMP
) ENGINE=InnoDB DEFAULT CHARSET=utf8mb4 COLLATE=utf8mb4_0900_ai_ci;

--
-- Dumping data for table `leave_balance`
--

INSERT INTO `leave_balance` (`id`, `employee_id`, `leave_type`, `total_days`, `used_days`, `balance_days`, `fiscal_year`, `carry_forward_days`, `last_updated`, `created_at`) VALUES
(15, 1, 'Annual', 10.00, 0.00, 10.00, 2026, 0.00, '2026-03-03 15:02:52', '2026-03-03 15:02:52'),
(16, 1, 'Sick', 10.00, 1.00, 9.00, 2026, 0.00, '2026-03-03 15:07:02', '2026-03-03 15:02:52'),
(17, 1, 'Casual', 10.00, 0.00, 10.00, 2026, 0.00, '2026-03-03 15:02:52', '2026-03-03 15:02:52'),
(18, 1, 'Maternity', 10.00, 0.00, 10.00, 2026, 0.00, '2026-03-03 15:02:52', '2026-03-03 15:02:52'),
(19, 1, 'Paternity', 1.00, 0.00, 1.00, 2026, 0.00, '2026-03-03 15:02:52', '2026-03-03 15:02:52'),
(20, 1, 'Unpaid', 12.00, 0.00, 12.00, 2026, 0.00, '2026-03-03 15:02:52', '2026-03-03 15:02:52'),
(21, 6, 'Annual', 10.00, 0.00, 10.00, 2026, 0.00, '2026-03-04 04:31:42', '2026-03-04 04:31:42'),
(22, 6, 'Sick', 10.00, 2.00, 8.00, 2026, 0.00, '2026-03-04 04:31:42', '2026-03-04 04:31:42'),
(23, 6, 'Casual', 10.00, 0.00, 10.00, 2026, 0.00, '2026-03-04 04:31:42', '2026-03-04 04:31:42'),
(24, 6, 'Maternity', 10.00, 0.00, 10.00, 2026, 0.00, '2026-03-04 04:31:42', '2026-03-04 04:31:42'),
(25, 6, 'Paternity', 1.00, 0.00, 1.00, 2026, 0.00, '2026-03-04 04:31:42', '2026-03-04 04:31:42'),
(26, 6, 'Unpaid', 12.00, 0.00, 12.00, 2026, 0.00, '2026-03-04 04:31:42', '2026-03-04 04:31:42');

-- --------------------------------------------------------

--
-- Table structure for table `leave_requests`
--

CREATE TABLE `leave_requests` (
  `id` int NOT NULL,
  `employee_id` int NOT NULL,
  `leave_type` varchar(50) NOT NULL,
  `start_date` date NOT NULL,
  `end_date` date NOT NULL,
  `days_applied` decimal(5,2) DEFAULT NULL,
  `reason` text NOT NULL,
  `status` enum('Pending','Approved','Rejected') DEFAULT 'Pending',
  `approved_by` int DEFAULT NULL,
  `approval_notes` text,
  `approved_at` timestamp NULL DEFAULT NULL,
  `created_at` timestamp NULL DEFAULT CURRENT_TIMESTAMP,
  `updated_at` timestamp NULL DEFAULT CURRENT_TIMESTAMP ON UPDATE CURRENT_TIMESTAMP
) ENGINE=InnoDB DEFAULT CHARSET=utf8mb4 COLLATE=utf8mb4_0900_ai_ci;

--
-- Dumping data for table `leave_requests`
--

INSERT INTO `leave_requests` (`id`, `employee_id`, `leave_type`, `start_date`, `end_date`, `days_applied`, `reason`, `status`, `approved_by`, `approval_notes`, `approved_at`, `created_at`, `updated_at`) VALUES
(1, 1, 'Sick', '2026-03-04', '2026-03-04', 1.00, 'Sick Leave', 'Approved', 7, 'Approved', '2026-03-03 15:07:02', '2026-03-03 14:42:06', '2026-03-03 15:07:02'),
(2, 6, 'Sick', '2026-03-05', '2026-03-06', 2.00, 'Bada ridenew', 'Approved', 6, 'Approved', '2026-03-04 04:31:42', '2026-03-04 04:31:21', '2026-03-04 04:31:42');

-- --------------------------------------------------------

--
-- Table structure for table `payroll_records`
--

CREATE TABLE `payroll_records` (
  `id` int NOT NULL,
  `employee_id` int NOT NULL,
  `pay_period_month` tinyint NOT NULL,
  `pay_period_year` smallint NOT NULL,
  `basic_salary` decimal(12,2) NOT NULL DEFAULT '0.00',
  `housing_allowance` decimal(12,2) DEFAULT '0.00',
  `transport_allowance` decimal(12,2) DEFAULT '0.00',
  `medical_allowance` decimal(12,2) DEFAULT '0.00',
  `other_allowances` decimal(12,2) DEFAULT '0.00',
  `gross_salary` decimal(12,2) NOT NULL DEFAULT '0.00',
  `epf_employee` decimal(12,2) DEFAULT '0.00',
  `epf_employer` decimal(12,2) DEFAULT '0.00',
  `etf` decimal(12,2) DEFAULT '0.00',
  `income_tax` decimal(12,2) DEFAULT '0.00',
  `other_deductions` decimal(12,2) DEFAULT '0.00',
  `total_deductions` decimal(12,2) NOT NULL DEFAULT '0.00',
  `net_salary` decimal(12,2) NOT NULL DEFAULT '0.00',
  `working_days` int DEFAULT '0',
  `present_days` int DEFAULT '0',
  `status` enum('Draft','Processed','Paid') DEFAULT 'Draft',
  `payment_date` date DEFAULT NULL,
  `notes` text,
  `created_by` int DEFAULT NULL,
  `created_at` timestamp NULL DEFAULT CURRENT_TIMESTAMP,
  `updated_at` timestamp NULL DEFAULT CURRENT_TIMESTAMP ON UPDATE CURRENT_TIMESTAMP
) ENGINE=InnoDB DEFAULT CHARSET=utf8mb4 COLLATE=utf8mb4_0900_ai_ci;

--
-- Dumping data for table `payroll_records`
--

INSERT INTO `payroll_records` (`id`, `employee_id`, `pay_period_month`, `pay_period_year`, `basic_salary`, `housing_allowance`, `transport_allowance`, `medical_allowance`, `other_allowances`, `gross_salary`, `epf_employee`, `epf_employer`, `etf`, `income_tax`, `other_deductions`, `total_deductions`, `net_salary`, `working_days`, `present_days`, `status`, `payment_date`, `notes`, `created_by`, `created_at`, `updated_at`) VALUES
(1, 1, 2, 2026, 75000.00, 7500.00, 3750.00, 2250.00, 0.00, 88500.00, 6000.00, 9000.00, 2250.00, 0.00, 0.00, 6000.00, 82500.00, 20, 20, 'Draft', NULL, NULL, 7, '2026-03-05 13:32:24', '2026-03-05 13:32:24'),
(2, 2, 2, 2026, 65000.00, 6500.00, 3250.00, 1950.00, 0.00, 76700.00, 5200.00, 7800.00, 1950.00, 0.00, 0.00, 5200.00, 71500.00, 20, 20, 'Draft', NULL, NULL, 7, '2026-03-05 13:32:24', '2026-03-05 13:32:24'),
(3, 3, 2, 2026, 45000.00, 4500.00, 2250.00, 1350.00, 0.00, 53100.00, 3600.00, 5400.00, 1350.00, 0.00, 0.00, 3600.00, 49500.00, 20, 20, 'Draft', NULL, NULL, 7, '2026-03-05 13:32:24', '2026-03-05 13:32:24'),
(4, 4, 2, 2026, 55000.00, 5500.00, 2750.00, 1650.00, 0.00, 64900.00, 4400.00, 6600.00, 1650.00, 0.00, 0.00, 4400.00, 60500.00, 20, 20, 'Draft', NULL, NULL, 7, '2026-03-05 13:32:24', '2026-03-05 13:32:24'),
(5, 5, 2, 2026, 52000.00, 5200.00, 2600.00, 1560.00, 0.00, 61360.00, 4160.00, 6240.00, 1560.00, 0.00, 0.00, 4160.00, 57200.00, 20, 20, 'Draft', NULL, NULL, 7, '2026-03-05 13:32:24', '2026-03-05 13:32:24'),
(6, 6, 2, 2026, 38000.00, 3800.00, 1900.00, 1140.00, 0.00, 44840.00, 3040.00, 4560.00, 1140.00, 0.00, 0.00, 3040.00, 41800.00, 20, 20, 'Processed', NULL, NULL, 7, '2026-03-05 13:32:24', '2026-03-05 13:33:58'),
(7, 7, 2, 2026, 50000.00, 5000.00, 2500.00, 1500.00, 0.00, 59000.00, 4000.00, 6000.00, 1500.00, 0.00, 0.00, 4000.00, 55000.00, 20, 20, 'Draft', NULL, NULL, 7, '2026-03-05 13:32:24', '2026-03-05 13:32:24'),
(8, 8, 2, 2026, 50000.00, 5000.00, 2500.00, 1500.00, 0.00, 59000.00, 4000.00, 6000.00, 1500.00, 0.00, 0.00, 4000.00, 55000.00, 20, 20, 'Draft', NULL, NULL, 7, '2026-03-05 13:32:24', '2026-03-05 13:32:24'),
(9, 9, 2, 2026, 50000.00, 5000.00, 2500.00, 1500.00, 0.00, 59000.00, 4000.00, 6000.00, 1500.00, 0.00, 0.00, 4000.00, 55000.00, 20, 20, 'Draft', NULL, NULL, 7, '2026-03-05 13:32:24', '2026-03-05 13:32:24'),
(10, 10, 2, 2026, 30000.00, 3000.00, 1500.00, 900.00, 0.00, 35400.00, 2400.00, 3600.00, 900.00, 0.00, 0.00, 2400.00, 33000.00, 20, 20, 'Draft', NULL, NULL, 7, '2026-03-05 13:32:24', '2026-03-05 13:32:24');

-- --------------------------------------------------------

--
-- Table structure for table `salary_structures`
--

CREATE TABLE `salary_structures` (
  `id` int NOT NULL,
  `employee_id` int NOT NULL,
  `basic_salary` decimal(12,2) NOT NULL DEFAULT '0.00',
  `housing_allowance` decimal(12,2) DEFAULT '0.00',
  `transport_allowance` decimal(12,2) DEFAULT '0.00',
  `medical_allowance` decimal(12,2) DEFAULT '0.00',
  `other_allowances` decimal(12,2) DEFAULT '0.00',
  `epf_employee_pct` decimal(5,2) DEFAULT '8.00',
  `epf_employer_pct` decimal(5,2) DEFAULT '12.00',
  `etf_pct` decimal(5,2) DEFAULT '3.00',
  `income_tax` decimal(12,2) DEFAULT '0.00',
  `other_deductions` decimal(12,2) DEFAULT '0.00',
  `effective_from` date NOT NULL,
  `created_at` timestamp NULL DEFAULT CURRENT_TIMESTAMP,
  `updated_at` timestamp NULL DEFAULT CURRENT_TIMESTAMP ON UPDATE CURRENT_TIMESTAMP
) ENGINE=InnoDB DEFAULT CHARSET=utf8mb4 COLLATE=utf8mb4_0900_ai_ci;

--
-- Dumping data for table `salary_structures`
--

INSERT INTO `salary_structures` (`id`, `employee_id`, `basic_salary`, `housing_allowance`, `transport_allowance`, `medical_allowance`, `other_allowances`, `epf_employee_pct`, `epf_employer_pct`, `etf_pct`, `income_tax`, `other_deductions`, `effective_from`, `created_at`, `updated_at`) VALUES
(1, 1, 75000.00, 7500.00, 3750.00, 2250.00, 0.00, 8.00, 12.00, 3.00, 0.00, 0.00, '2024-01-15', '2026-03-04 13:54:49', '2026-03-04 13:54:49'),
(2, 2, 65000.00, 6500.00, 3250.00, 1950.00, 0.00, 8.00, 12.00, 3.00, 0.00, 0.00, '2023-06-01', '2026-03-04 13:54:49', '2026-03-04 13:54:49'),
(3, 3, 45000.00, 4500.00, 2250.00, 1350.00, 0.00, 8.00, 12.00, 3.00, 0.00, 0.00, '2025-11-01', '2026-03-04 13:54:49', '2026-03-04 13:54:49'),
(4, 4, 55000.00, 5500.00, 2750.00, 1650.00, 0.00, 8.00, 12.00, 3.00, 0.00, 0.00, '2024-03-15', '2026-03-04 13:54:49', '2026-03-04 13:54:49'),
(5, 5, 52000.00, 5200.00, 2600.00, 1560.00, 0.00, 8.00, 12.00, 3.00, 0.00, 0.00, '2023-09-01', '2026-03-04 13:54:49', '2026-03-04 13:54:49'),
(6, 6, 38000.00, 3800.00, 1900.00, 1140.00, 0.00, 8.00, 12.00, 3.00, 0.00, 0.00, '2025-12-01', '2026-03-04 13:54:49', '2026-03-04 13:54:49'),
(7, 7, 50000.00, 5000.00, 2500.00, 1500.00, 0.00, 8.00, 12.00, 3.00, 0.00, 0.00, '2026-01-27', '2026-03-04 13:54:49', '2026-03-04 13:54:49'),
(8, 8, 50000.00, 5000.00, 2500.00, 1500.00, 0.00, 8.00, 12.00, 3.00, 0.00, 0.00, '2007-06-01', '2026-03-04 13:54:49', '2026-03-04 13:54:49'),
(9, 9, 50000.00, 5000.00, 2500.00, 1500.00, 0.00, 8.00, 12.00, 3.00, 0.00, 0.00, '2025-06-01', '2026-03-04 13:54:49', '2026-03-04 13:54:49'),
(10, 10, 30000.00, 3000.00, 1500.00, 900.00, 0.00, 8.00, 12.00, 3.00, 0.00, 0.00, '2009-06-01', '2026-03-04 13:54:49', '2026-03-04 13:54:49');

-- --------------------------------------------------------

--
-- Table structure for table `system_settings`
--

CREATE TABLE `system_settings` (
  `id` int NOT NULL,
  `setting_key` varchar(100) NOT NULL,
  `setting_value` varchar(500) NOT NULL,
  `category` varchar(50) DEFAULT 'general',
  `description` varchar(255) DEFAULT NULL,
  `updated_at` timestamp NULL DEFAULT CURRENT_TIMESTAMP ON UPDATE CURRENT_TIMESTAMP
) ENGINE=InnoDB DEFAULT CHARSET=utf8mb4 COLLATE=utf8mb4_0900_ai_ci;

--
-- Dumping data for table `system_settings`
--

INSERT INTO `system_settings` (`id`, `setting_key`, `setting_value`, `category`, `description`, `updated_at`) VALUES
(1, 'leave_annual_days', '11', 'leave', 'Annual leave days per year', '2026-03-04 13:08:46'),
(2, 'leave_sick_days', '11', 'leave', 'Sick leave days per year', '2026-03-04 13:04:49'),
(3, 'leave_casual_days', '10', 'leave', 'Casual leave days per year', '2026-03-03 14:52:54'),
(4, 'leave_maternity_days', '10', 'leave', 'Maternity leave days per year', '2026-03-03 14:52:54'),
(5, 'leave_paternity_days', '1', 'leave', 'Paternity leave days per year', '2026-03-03 14:52:54'),
(6, 'leave_unpaid_days', '12', 'leave', 'Unpaid leave max days (soft limit)', '2026-03-03 14:52:54'),
(7, 'max_public_holidays', '2', 'attendance', 'Maximum public holidays per year', '2026-03-03 14:52:54'),
(8, 'working_hours_per_day', '8', 'attendance', 'Standard working hours per day', '2026-03-03 14:52:53'),
(9, 'working_days_per_week', '5', 'attendance', 'Standard working days per week', '2026-03-03 14:52:54');

-- --------------------------------------------------------

--
-- Table structure for table `training_assignments`
--

CREATE TABLE `training_assignments` (
  `id` int NOT NULL,
  `program_id` int NOT NULL,
  `employee_id` int NOT NULL,
  `assigned_by` int DEFAULT NULL,
  `assignment_date` date DEFAULT NULL,
  `status` enum('Assigned','In Progress','Dropped','Completed') DEFAULT 'Assigned',
  `completion_status` enum('Pending','In Progress','Completed','Not Started') DEFAULT 'Pending',
  `notes` text,
  `created_at` timestamp NULL DEFAULT CURRENT_TIMESTAMP,
  `updated_at` timestamp NULL DEFAULT CURRENT_TIMESTAMP ON UPDATE CURRENT_TIMESTAMP
) ENGINE=InnoDB DEFAULT CHARSET=utf8mb4 COLLATE=utf8mb4_0900_ai_ci;

--
-- Dumping data for table `training_assignments`
--

INSERT INTO `training_assignments` (`id`, `program_id`, `employee_id`, `assigned_by`, `assignment_date`, `status`, `completion_status`, `notes`, `created_at`, `updated_at`) VALUES
(1, 3, 1, NULL, '2026-03-04', 'Assigned', 'Pending', NULL, '2026-03-04 04:33:37', '2026-03-04 04:33:37'),
(2, 3, 4, NULL, '2026-03-04', 'Assigned', 'Pending', NULL, '2026-03-04 04:33:37', '2026-03-04 04:33:37'),
(3, 3, 2, NULL, '2026-03-04', 'Assigned', 'Pending', NULL, '2026-03-04 04:33:37', '2026-03-04 04:33:37'),
(4, 5, 8, NULL, '2026-03-04', 'Assigned', 'Pending', NULL, '2026-03-04 11:26:20', '2026-03-04 11:26:20'),
(5, 5, 7, NULL, '2026-03-04', 'Assigned', 'Pending', NULL, '2026-03-04 11:26:25', '2026-03-04 11:26:25');

-- --------------------------------------------------------

--
-- Table structure for table `training_attendance`
--

CREATE TABLE `training_attendance` (
  `id` int NOT NULL,
  `session_id` int NOT NULL,
  `employee_id` int NOT NULL,
  `attendance_status` enum('Present','Absent','Late','Pending') DEFAULT 'Pending',
  `check_in_time` datetime DEFAULT NULL,
  `check_out_time` datetime DEFAULT NULL,
  `notes` text,
  `created_at` timestamp NULL DEFAULT CURRENT_TIMESTAMP,
  `updated_at` timestamp NULL DEFAULT CURRENT_TIMESTAMP ON UPDATE CURRENT_TIMESTAMP
) ENGINE=InnoDB DEFAULT CHARSET=utf8mb4 COLLATE=utf8mb4_0900_ai_ci;

-- --------------------------------------------------------

--
-- Table structure for table `training_programs`
--

CREATE TABLE `training_programs` (
  `id` int NOT NULL,
  `title` varchar(255) NOT NULL,
  `type` enum('Internal','External') NOT NULL,
  `description` text,
  `duration_hours` decimal(8,2) DEFAULT NULL,
  `budget` decimal(12,2) DEFAULT NULL,
  `trainer_id` int DEFAULT NULL,
  `status` enum('Planned','In Progress','Completed','Cancelled') DEFAULT 'Planned',
  `start_date` date NOT NULL,
  `end_date` date NOT NULL,
  `location` varchar(255) DEFAULT NULL,
  `max_participants` int DEFAULT NULL,
  `created_at` timestamp NULL DEFAULT CURRENT_TIMESTAMP,
  `updated_at` timestamp NULL DEFAULT CURRENT_TIMESTAMP ON UPDATE CURRENT_TIMESTAMP
) ENGINE=InnoDB DEFAULT CHARSET=utf8mb4 COLLATE=utf8mb4_0900_ai_ci;

--
-- Dumping data for table `training_programs`
--

INSERT INTO `training_programs` (`id`, `title`, `type`, `description`, `duration_hours`, `budget`, `trainer_id`, `status`, `start_date`, `end_date`, `location`, `max_participants`, `created_at`, `updated_at`) VALUES
(1, 'React.js Advanced', 'Internal', 'Advanced React patterns and hooks', 20.00, 5000.00, NULL, 'Planned', '2026-03-10', '2026-04-10', 'Training Room A', 15, '2026-03-03 14:12:46', '2026-03-03 14:12:46'),
(2, 'Database Design', 'Internal', 'MySQL and Database optimization', 16.00, 4000.00, NULL, 'Planned', '2026-03-15', '2026-04-05', 'Training Room B', 12, '2026-03-03 14:12:46', '2026-03-03 14:12:46'),
(3, 'Soft Skills Workshop', 'External', 'Communication and teamwork', 8.00, 3000.00, NULL, 'Planned', '2026-03-20', '2026-03-22', 'Hotel Conference Hall', 20, '2026-03-03 14:12:46', '2026-03-03 14:12:46'),
(4, 'Advanced Leader ship', 'Internal', 'ghhfh', 40.00, 30000.00, 7, 'Planned', '2026-03-05', '2026-03-24', 'Bandaragama', 30, '2026-03-04 04:32:50', '2026-03-04 04:32:50'),
(5, 'Computer Literacy', 'Internal', 'Improve Skills', 40.00, 50000.00, 9, 'In Progress', '2026-03-01', '2026-03-08', 'Bandaragama', 50, '2026-03-04 11:26:09', '2026-03-04 11:26:09');

-- --------------------------------------------------------

--
-- Table structure for table `training_sessions`
--

CREATE TABLE `training_sessions` (
  `id` int NOT NULL,
  `program_id` int NOT NULL,
  `session_number` int DEFAULT NULL,
  `title` varchar(255) NOT NULL,
  `description` text,
  `scheduled_date` date NOT NULL,
  `start_time` time DEFAULT NULL,
  `end_time` time DEFAULT NULL,
  `location` varchar(255) DEFAULT NULL,
  `facilitator_id` int DEFAULT NULL,
  `max_capacity` int DEFAULT NULL,
  `status` enum('Scheduled','In Progress','Completed','Cancelled') DEFAULT 'Scheduled',
  `created_at` timestamp NULL DEFAULT CURRENT_TIMESTAMP,
  `updated_at` timestamp NULL DEFAULT CURRENT_TIMESTAMP ON UPDATE CURRENT_TIMESTAMP
) ENGINE=InnoDB DEFAULT CHARSET=utf8mb4 COLLATE=utf8mb4_0900_ai_ci;

-- --------------------------------------------------------

--
-- Table structure for table `users`
--

CREATE TABLE `users` (
  `id` int NOT NULL,
  `name` varchar(100) NOT NULL,
  `email` varchar(100) NOT NULL,
  `password` varchar(255) NOT NULL,
  `phone` varchar(20) DEFAULT NULL,
  `address` varchar(255) DEFAULT NULL,
  `profile_picture` varchar(255) DEFAULT NULL,
  `created_at` timestamp NULL DEFAULT CURRENT_TIMESTAMP,
  `updated_at` timestamp NULL DEFAULT CURRENT_TIMESTAMP ON UPDATE CURRENT_TIMESTAMP
) ENGINE=InnoDB DEFAULT CHARSET=utf8mb4 COLLATE=utf8mb4_0900_ai_ci;

--
-- Dumping data for table `users`
--

INSERT INTO `users` (`id`, `name`, `email`, `password`, `phone`, `address`, `profile_picture`, `created_at`, `updated_at`) VALUES
(1, 'John Doe', 'john.doe@company.com', '$2b$10$example_hash', '0771234567', '123 Main St', NULL, '2026-03-03 14:12:46', '2026-03-03 14:12:46'),
(2, 'Jane Smith', 'jane.smith@company.com', '$2b$10$example_hash', '0772345678', '456 Oak Ave', NULL, '2026-03-03 14:12:46', '2026-03-03 14:12:46'),
(3, 'Michael Johnson', 'michael.johnson@company.com', '$2b$10$example_hash', '0773456789', '789 Pine Rd', NULL, '2026-03-03 14:12:46', '2026-03-03 14:12:46'),
(4, 'Sarah Williams', 'sarah.williams@company.com', '$2b$10$example_hash', '0774567890', '321 Elm St', NULL, '2026-03-03 14:12:46', '2026-03-03 14:12:46'),
(5, 'Robert Brown', 'robert.brown@company.com', '$2b$10$example_hash', '0775678901', '654 Maple Dr', NULL, '2026-03-03 14:12:46', '2026-03-03 14:12:46'),
(6, 'Emily Davis', 'emily.davis@company.com', '$2b$10$example_hash', '0776789012', '987 Cedar Ln', NULL, '2026-03-03 14:12:46', '2026-03-03 14:12:46'),
(7, 'Gayasha', 'gaya@gmail.com', '$2a$10$zXOXYnlbL7sBmOkfQo6ChOqt8QgsTCQvdCjwBceo5geg3LUdgfESG', NULL, NULL, NULL, '2026-03-03 14:16:40', '2026-03-03 14:16:40');

--
-- Indexes for dumped tables
--

--
-- Indexes for table `attendance`
--
ALTER TABLE `attendance`
  ADD PRIMARY KEY (`id`),
  ADD UNIQUE KEY `unique_attendance` (`employee_id`,`attendance_date`),
  ADD KEY `marked_by` (`marked_by`),
  ADD KEY `idx_employee_id` (`employee_id`),
  ADD KEY `idx_attendance_date` (`attendance_date`),
  ADD KEY `idx_status` (`status`);

--
-- Indexes for table `employees`
--
ALTER TABLE `employees`
  ADD PRIMARY KEY (`id`),
  ADD UNIQUE KEY `employee_id` (`employee_id`),
  ADD UNIQUE KEY `user_id` (`user_id`),
  ADD KEY `manager_id` (`manager_id`),
  ADD KEY `idx_employee_id` (`employee_id`),
  ADD KEY `idx_department` (`department`),
  ADD KEY `idx_status` (`status`),
  ADD KEY `idx_email` (`email`);

--
-- Indexes for table `employee_documents`
--
ALTER TABLE `employee_documents`
  ADD PRIMARY KEY (`id`),
  ADD KEY `uploaded_by` (`uploaded_by`),
  ADD KEY `idx_employee_documents` (`employee_id`);

--
-- Indexes for table `employee_roles`
--
ALTER TABLE `employee_roles`
  ADD PRIMARY KEY (`id`),
  ADD KEY `idx_employee_roles` (`employee_id`);

--
-- Indexes for table `leave_balance`
--
ALTER TABLE `leave_balance`
  ADD PRIMARY KEY (`id`),
  ADD UNIQUE KEY `unique_leave_balance` (`employee_id`,`leave_type`,`fiscal_year`),
  ADD KEY `idx_employee_id` (`employee_id`),
  ADD KEY `idx_fiscal_year` (`fiscal_year`);

--
-- Indexes for table `leave_requests`
--
ALTER TABLE `leave_requests`
  ADD PRIMARY KEY (`id`),
  ADD KEY `approved_by` (`approved_by`),
  ADD KEY `idx_employee_id` (`employee_id`),
  ADD KEY `idx_start_date` (`start_date`),
  ADD KEY `idx_end_date` (`end_date`),
  ADD KEY `idx_status` (`status`);

--
-- Indexes for table `payroll_records`
--
ALTER TABLE `payroll_records`
  ADD PRIMARY KEY (`id`),
  ADD UNIQUE KEY `unique_payroll` (`employee_id`,`pay_period_month`,`pay_period_year`),
  ADD KEY `created_by` (`created_by`),
  ADD KEY `idx_pay_period` (`pay_period_year`,`pay_period_month`),
  ADD KEY `idx_status` (`status`);

--
-- Indexes for table `salary_structures`
--
ALTER TABLE `salary_structures`
  ADD PRIMARY KEY (`id`),
  ADD UNIQUE KEY `unique_salary_structure` (`employee_id`);

--
-- Indexes for table `system_settings`
--
ALTER TABLE `system_settings`
  ADD PRIMARY KEY (`id`),
  ADD UNIQUE KEY `setting_key` (`setting_key`);

--
-- Indexes for table `training_assignments`
--
ALTER TABLE `training_assignments`
  ADD PRIMARY KEY (`id`),
  ADD UNIQUE KEY `unique_assignment` (`program_id`,`employee_id`),
  ADD KEY `assigned_by` (`assigned_by`),
  ADD KEY `idx_program_id` (`program_id`),
  ADD KEY `idx_employee_id` (`employee_id`),
  ADD KEY `idx_completion_status` (`completion_status`);

--
-- Indexes for table `training_attendance`
--
ALTER TABLE `training_attendance`
  ADD PRIMARY KEY (`id`),
  ADD UNIQUE KEY `unique_attendance` (`session_id`,`employee_id`),
  ADD KEY `idx_session_id` (`session_id`),
  ADD KEY `idx_employee_id` (`employee_id`),
  ADD KEY `idx_attendance_status` (`attendance_status`);

--
-- Indexes for table `training_programs`
--
ALTER TABLE `training_programs`
  ADD PRIMARY KEY (`id`),
  ADD KEY `trainer_id` (`trainer_id`),
  ADD KEY `idx_type` (`type`),
  ADD KEY `idx_status` (`status`),
  ADD KEY `idx_start_date` (`start_date`),
  ADD KEY `idx_end_date` (`end_date`);

--
-- Indexes for table `training_sessions`
--
ALTER TABLE `training_sessions`
  ADD PRIMARY KEY (`id`),
  ADD KEY `facilitator_id` (`facilitator_id`),
  ADD KEY `idx_program_id` (`program_id`),
  ADD KEY `idx_scheduled_date` (`scheduled_date`),
  ADD KEY `idx_status` (`status`);

--
-- Indexes for table `users`
--
ALTER TABLE `users`
  ADD PRIMARY KEY (`id`),
  ADD UNIQUE KEY `email` (`email`),
  ADD KEY `idx_email` (`email`);

--
-- AUTO_INCREMENT for dumped tables
--

--
-- AUTO_INCREMENT for table `attendance`
--
ALTER TABLE `attendance`
  MODIFY `id` int NOT NULL AUTO_INCREMENT, AUTO_INCREMENT=228;

--
-- AUTO_INCREMENT for table `employees`
--
ALTER TABLE `employees`
  MODIFY `id` int NOT NULL AUTO_INCREMENT, AUTO_INCREMENT=11;

--
-- AUTO_INCREMENT for table `employee_documents`
--
ALTER TABLE `employee_documents`
  MODIFY `id` int NOT NULL AUTO_INCREMENT;

--
-- AUTO_INCREMENT for table `employee_roles`
--
ALTER TABLE `employee_roles`
  MODIFY `id` int NOT NULL AUTO_INCREMENT, AUTO_INCREMENT=5;

--
-- AUTO_INCREMENT for table `leave_balance`
--
ALTER TABLE `leave_balance`
  MODIFY `id` int NOT NULL AUTO_INCREMENT, AUTO_INCREMENT=27;

--
-- AUTO_INCREMENT for table `leave_requests`
--
ALTER TABLE `leave_requests`
  MODIFY `id` int NOT NULL AUTO_INCREMENT, AUTO_INCREMENT=3;

--
-- AUTO_INCREMENT for table `payroll_records`
--
ALTER TABLE `payroll_records`
  MODIFY `id` int NOT NULL AUTO_INCREMENT, AUTO_INCREMENT=11;

--
-- AUTO_INCREMENT for table `salary_structures`
--
ALTER TABLE `salary_structures`
  MODIFY `id` int NOT NULL AUTO_INCREMENT, AUTO_INCREMENT=11;

--
-- AUTO_INCREMENT for table `system_settings`
--
ALTER TABLE `system_settings`
  MODIFY `id` int NOT NULL AUTO_INCREMENT, AUTO_INCREMENT=397;

--
-- AUTO_INCREMENT for table `training_assignments`
--
ALTER TABLE `training_assignments`
  MODIFY `id` int NOT NULL AUTO_INCREMENT, AUTO_INCREMENT=6;

--
-- AUTO_INCREMENT for table `training_attendance`
--
ALTER TABLE `training_attendance`
  MODIFY `id` int NOT NULL AUTO_INCREMENT;

--
-- AUTO_INCREMENT for table `training_programs`
--
ALTER TABLE `training_programs`
  MODIFY `id` int NOT NULL AUTO_INCREMENT, AUTO_INCREMENT=6;

--
-- AUTO_INCREMENT for table `training_sessions`
--
ALTER TABLE `training_sessions`
  MODIFY `id` int NOT NULL AUTO_INCREMENT;

--
-- AUTO_INCREMENT for table `users`
--
ALTER TABLE `users`
  MODIFY `id` int NOT NULL AUTO_INCREMENT, AUTO_INCREMENT=8;

--
-- Constraints for dumped tables
--

--
-- Constraints for table `attendance`
--
ALTER TABLE `attendance`
  ADD CONSTRAINT `attendance_ibfk_1` FOREIGN KEY (`employee_id`) REFERENCES `employees` (`id`) ON DELETE CASCADE,
  ADD CONSTRAINT `attendance_ibfk_2` FOREIGN KEY (`marked_by`) REFERENCES `users` (`id`) ON DELETE SET NULL;

--
-- Constraints for table `employees`
--
ALTER TABLE `employees`
  ADD CONSTRAINT `employees_ibfk_1` FOREIGN KEY (`user_id`) REFERENCES `users` (`id`) ON DELETE CASCADE,
  ADD CONSTRAINT `employees_ibfk_2` FOREIGN KEY (`manager_id`) REFERENCES `employees` (`id`) ON DELETE SET NULL;

--
-- Constraints for table `employee_documents`
--
ALTER TABLE `employee_documents`
  ADD CONSTRAINT `employee_documents_ibfk_1` FOREIGN KEY (`employee_id`) REFERENCES `employees` (`id`) ON DELETE CASCADE,
  ADD CONSTRAINT `employee_documents_ibfk_2` FOREIGN KEY (`uploaded_by`) REFERENCES `users` (`id`) ON DELETE SET NULL;

--
-- Constraints for table `employee_roles`
--
ALTER TABLE `employee_roles`
  ADD CONSTRAINT `employee_roles_ibfk_1` FOREIGN KEY (`employee_id`) REFERENCES `employees` (`id`) ON DELETE CASCADE;

--
-- Constraints for table `leave_balance`
--
ALTER TABLE `leave_balance`
  ADD CONSTRAINT `leave_balance_ibfk_1` FOREIGN KEY (`employee_id`) REFERENCES `employees` (`id`) ON DELETE CASCADE;

--
-- Constraints for table `leave_requests`
--
ALTER TABLE `leave_requests`
  ADD CONSTRAINT `leave_requests_ibfk_1` FOREIGN KEY (`employee_id`) REFERENCES `employees` (`id`) ON DELETE CASCADE,
  ADD CONSTRAINT `leave_requests_ibfk_2` FOREIGN KEY (`approved_by`) REFERENCES `users` (`id`) ON DELETE SET NULL;

--
-- Constraints for table `payroll_records`
--
ALTER TABLE `payroll_records`
  ADD CONSTRAINT `payroll_records_ibfk_1` FOREIGN KEY (`employee_id`) REFERENCES `employees` (`id`) ON DELETE CASCADE,
  ADD CONSTRAINT `payroll_records_ibfk_2` FOREIGN KEY (`created_by`) REFERENCES `users` (`id`) ON DELETE SET NULL;

--
-- Constraints for table `salary_structures`
--
ALTER TABLE `salary_structures`
  ADD CONSTRAINT `salary_structures_ibfk_1` FOREIGN KEY (`employee_id`) REFERENCES `employees` (`id`) ON DELETE CASCADE;

--
-- Constraints for table `training_assignments`
--
ALTER TABLE `training_assignments`
  ADD CONSTRAINT `training_assignments_ibfk_1` FOREIGN KEY (`program_id`) REFERENCES `training_programs` (`id`) ON DELETE CASCADE,
  ADD CONSTRAINT `training_assignments_ibfk_2` FOREIGN KEY (`employee_id`) REFERENCES `employees` (`id`) ON DELETE CASCADE,
  ADD CONSTRAINT `training_assignments_ibfk_3` FOREIGN KEY (`assigned_by`) REFERENCES `users` (`id`) ON DELETE SET NULL;

--
-- Constraints for table `training_attendance`
--
ALTER TABLE `training_attendance`
  ADD CONSTRAINT `training_attendance_ibfk_1` FOREIGN KEY (`session_id`) REFERENCES `training_sessions` (`id`) ON DELETE CASCADE,
  ADD CONSTRAINT `training_attendance_ibfk_2` FOREIGN KEY (`employee_id`) REFERENCES `employees` (`id`) ON DELETE CASCADE;

--
-- Constraints for table `training_programs`
--
ALTER TABLE `training_programs`
  ADD CONSTRAINT `training_programs_ibfk_1` FOREIGN KEY (`trainer_id`) REFERENCES `employees` (`id`) ON DELETE SET NULL;

--
-- Constraints for table `training_sessions`
--
ALTER TABLE `training_sessions`
  ADD CONSTRAINT `training_sessions_ibfk_1` FOREIGN KEY (`program_id`) REFERENCES `training_programs` (`id`) ON DELETE CASCADE,
  ADD CONSTRAINT `training_sessions_ibfk_2` FOREIGN KEY (`facilitator_id`) REFERENCES `employees` (`id`) ON DELETE SET NULL;
COMMIT;

/*!40101 SET CHARACTER_SET_CLIENT=@OLD_CHARACTER_SET_CLIENT */;
/*!40101 SET CHARACTER_SET_RESULTS=@OLD_CHARACTER_SET_RESULTS */;
/*!40101 SET COLLATION_CONNECTION=@OLD_COLLATION_CONNECTION */;
